Date,SV reactor 1,SV reactor 2,SV reactor 3,SV reactor 4,mlss reactor 1,volume reactor 1,mlss reactor 2,volume reactor 2,mlss reactor 3,volume reactor 3,mlss reactor 4,volume reactor 4
01/01/2018 00:00,2.71,2.03,2.63,2.66,1348,300,1808,500,1604,310,1660,340
02/01/2018 00:00,2.4,2.03,2.26,3.23,1492,330,1728,420,1796,460,1564,280
03/01/2018 00:00,2.49,2.06,3.09,2.96,1668,390,1748,410,1620,310,1668,300
04/01/2018 00:00,2.43,2.43,3.03,3.06,1712,410,1708,400,1580,270,1776,330
05/01/2018 00:00,1.6,2.49,2.57,2.34,1856,570,1580,350,1692,330,1776,310
06/01/2018 00:00,1.63,3.49,3.69,3.57,2264,650,1364,250,1860,250,1728,250
07/01/2018 00:00,1.97,3.51,3.23,3.4,2308,700,1172,220,1788,310,1688,200
08/01/2018 00:00,1.34,3.16,3.2,2.99,2380,630,1528,260,1932,280,1928,250
09/01/2018 00:00,0.79,2.61,3.01,3.01,2596,850,1800,330,2084,300,1952,270
10/01/2018 00:00,1.6,2.9,3.1,2.89,2656,610,1832,330,2048,270,2084,280
11/01/2018 00:00,1.41,2.13,2.79,2.67,2280,700,2008,450,2076,320,2088,310
12/01/2018 00:00,1.29,2.53,2.59,2.31,2448,780,1760,380,2120,280,2172,310
13/01/2018 00:00,1.19,1.97,2.11,2.87,2456,700,2004,590,2216,400,2008,370
14/01/2018 00:00,1.1,1.31,2.5,2.69,2164,700,2100,720,2088,360,1952,330
15/01/2018 00:00,1.34,1.77,2.04,2.29,2276,650,2096,540,2248,450,2112,350
16/01/2018 00:00,0.86,1.6,1.63,1.86,2536,720,2136,520,2296,450,2148,390
17/01/2018 00:00,0.63,1.34,1,1.47,2644,840,2148,560,2384,620,2432,570
18/01/2018 00:00,0.77,1.94,1.49,1.94,2400,800,1972,560,2168,610,2024,460
19/01/2018 00:00,1.46,2,1.14,1.86,2064,610,1844,390,2232,540,1924,430
20/01/2018 00:00,1,3.11,1.86,3,2532,710,1672,310,2132,550,1932,340
21/01/2018 00:00,1.81,2.96,1.37,1.77,2192,590,1704,330,2240,700,2068,470
22/01/2018 00:00,1.1,2.26,1.49,1.61,2268,720,1808,450,2176,630,2048,630
23/01/2018 00:00,1.67,1.34,1.63,1.86,2012,500,2096,560,2072,480,1976,450
24/01/2018 00:00,2.23,1.93,1.17,1.56,1992,480,2044,410,2160,590,2040,570
25/01/2018 00:00,1.83,2.06,2.23,2.46,2004,480,1932,460,2052,560,1976,470
26/01/2018 00:00,1.39,2.09,1.61,2.36,2360,740,1836,440,2028,560,1892,570
27/01/2018 00:00,1.5,1.37,1.16,1.89,2280,610,2220,500,2140,700,2340,500
28/01/2018 00:00,1.26,1.57,1.23,1.4,2156,570,2072,510,2232,560,2424,550
29/01/2018 00:00,0.99,1.37,1.2,1.31,2308,640,2216,590,2364,640,2424,560
30/01/2018 00:00,1.69,1,1.86,2.36,2068,490,2052,490,2120,410,2104,340
31/01/2018 00:00,1.86,2.21,2.17,2.01,2180,500,2176,470,2400,440,2348,400
01/02/2018 00:00,1.71,2.17,2.31,2.53,1988,580,2052,440,2084,360,2040,330
02/02/2018 00:00,1.79,1.37,2.39,2.67,2240,480,2056,490,2176,230,2080,250
03/02/2018 00:00,1.5,1.54,2.21,2.6,2072,580,2096,590,2196,410,1936,340
04/02/2018 00:00,2.19,1.7,2.73,2.81,2336,460,2200,480,2176,300,2020,280
05/02/2018 00:00,2.11,1.09,2.83,3.24,2036,400,2536,650,2104,280,1996,250
06/02/2018 00:00,1.39,1.39,2.43,2.57,2204,490,2116,500,2168,320,2140,320
07/02/2018 00:00,1.19,2.07,2.53,3.01,2484,750,2152,440,2152,300,2064,250
08/02/2018 00:00,1.64,2.74,2.59,2.86,2400,600,2284,360,2072,340,2368,320
09/02/2018 00:00,1.11,2.04,2.79,2.97,2600,700,2076,400,1804,280,1752,250
10/02/2018 00:00,1.34,2.3,1.97,2.6,2624,600,2148,370,2528,400,2112,300
11/02/2018 00:00,1.8,2.17,2.09,2.11,2236,620,1940,460,2196,460,2036,400
12/02/2018 00:00,1.51,2.31,1.4,1.99,2188,480,1868,370,2384,440,1984,390
13/02/2018 00:00,2.73,2.73,2.5,3.06,1752,310,1744,310,1928,340,1500,260
14/02/2018 00:00,2.63,2.67,2.16,2.44,1980,310,1948,340,2296,360,2032,350
15/02/2018 00:00,2.71,2.86,2.23,2.57,1892,360,1804,320,2036,380,1980,320
16/02/2018 00:00,2.54,2.77,1.99,2.1,1932,400,1604,230,1920,450,1664,350
17/02/2018 00:00,3.2,2.36,2.53,2.57,1660,270,1804,290,2176,300,1876,300
18/02/2018 00:00,2.87,3,2.19,2.7,1756,300,1600,290,2092,390,1936,340
19/02/2018 00:00,3.11,3.11,2.19,2.19,1780,290,1728,280,2212,440,2232,440
20/02/2018 00:00,2.79,3.03,1.49,1.23,2064,300,1812,280,2284,430,2552,450
21/02/2018 00:00,2.54,2.79,2.06,2.47,2220,350,2068,330,2524,480,2192,390
22/02/2018 00:00,2.86,3.16,2.6,2.54,2064,330,1904,310,2300,380,2016,360
23/02/2018 00:00,2.67,2.74,2.51,2.41,2160,390,1968,380,2140,390,2248,480
24/02/2018 00:00,2.53,2.61,2.51,2.84,2160,400,2060,330,2208,390,2092,380
25/02/2018 00:00,2.49,2.63,2.09,2.57,2120,370,1992,360,2180,440,2084,420
26/02/2018 00:00,2.06,2.61,1.86,1.96,2252,550,2092,560,2420,350,2328,540
27/02/2018 00:00,2.94,2.81,2.66,2.39,1892,300,2028,310,2064,310,1820,340
28/02/2018 00:00,2.49,2.33,1.94,2.19,2128,330,2100,350,2284,440,2264,380
01/03/2018 00:00,1.7,2.24,1.54,1.17,2108,550,1904,420,2284,530,2312,580
02/03/2018 00:00,2.11,1.91,2.11,2.16,2284,500,2240,450,2204,480,2196,500
03/03/2018 00:00,1.89,2.3,1.49,1.36,2396,510,2168,400,2752,520,2668,490
04/03/2018 00:00,1.91,1.91,1.66,1.53,2176,430,2184,460,2368,520,2312,530
05/03/2018 00:00,1.37,1.63,1.51,1.37,2472,540,2488,450,2348,450,2496,510
06/03/2018 00:00,1.14,1.93,2.06,2.1,2580,750,2260,480,2448,550,2332,550
07/03/2018 00:00,1.31,2.06,2.17,2.61,2728,720,2276,440,2456,420,2184,330
08/03/2018 00:00,1.49,2.11,2.49,2.44,2484,650,2068,520,2260,450,2220,430
09/03/2018 00:00,1.76,2.4,2.67,2.63,2492,590,2268,460,2308,410,2236,400
10/03/2018 00:00,1.1,1.86,1.81,1.87,2624,640,2172,460,2608,450,2476,460
11/03/2018 00:00,1.43,1.97,2.59,2.64,2440,630,2284,470,2084,340,2072,340
12/03/2018 00:00,1.19,1.87,2.66,2.66,1956,610,2032,480,2416,330,2268,320
13/03/2018 00:00,1.6,2.03,2.66,2.74,2380,490,2284,430,2432,350,2040,300
14/03/2018 00:00,1.87,1.93,3,3.41,2332,400,2252,380,2020,260,1776,230
15/03/2018 00:00,1.97,2.16,3.5,3.46,2312,400,2196,360,1732,250,1764,280
16/03/2018 00:00,1.89,2.57,3.37,3.6,2452,430,1956,320,1788,220,1732,210
17/03/2018 00:00,2.09,2.4,3.37,3.23,2412,370,2212,350,1872,240,1996,250
18/03/2018 00:00,1.81,2.43,3.24,3.1,2244,400,2180,360,1872,260,1948,270
19/03/2018 00:00,2.06,2.36,3.31,3.17,2112,400,2064,340,1928,260,1884,260
20/03/2018 00:00,2.86,2.86,3.6,3.57,2196,310,2144,280,1872,230,1752,240
21/03/2018 00:00,,,,,2036,,1988,,1824,,1840,
22/03/2018 00:00,2.39,2.64,3.17,3,2104,360,1928,320,1840,260,1888,280
23/03/2018 00:00,2.67,2.5,3.3,3.13,2024,330,2072,350,2172,280,2124,300
24/03/2018 00:00,2.04,1.9,3.13,3.5,2392,460,2420,440,2276,340,2000,280
25/03/2018 00:00,2.39,2.2,2.56,2.69,2068,360,2020,400,2088,340,2104,320
26/03/2018 00:00,2.34,1.99,2.24,2.29,2016,400,2116,520,2168,420,2168,440
27/03/2018 00:00,1.86,2.11,2.83,2.57,2448,440,2324,420,2128,330,2364,400
28/03/2018 00:00,2.27,2.33,2.09,1.97,2116,410,2084,410,2356,520,2392,520
29/03/2018 00:00,2.09,2.49,1.37,1.89,2180,420,2116,370,2448,490,2264,420
30/03/2018 00:00,1.86,2.26,1.86,1.86,2424,390,1908,380,2116,440,2256,420
31/03/2018 00:00,1.66,1.63,1.4,2.49,1936,540,1976,580,2000,570,2144,450
01/04/2018 00:00,2.26,2.09,1.9,2.17,2100,350,2080,330,2188,400,2132,380
02/04/2018 00:00,2.16,2.49,2,1.86,2036,460,2672,400,2248,500,2128,550
03/04/2018 00:00,1.81,2.27,1.73,1.97,1944,360,1968,340,2280,500,2108,420
04/04/2018 00:00,2.73,2.57,2.71,2.41,1728,350,2092,360,2160,480,2024,460
05/04/2018 00:00,3.06,2.96,2.46,2.46,,330,,330,,430,2024,420
06/04/2018 00:00,2.63,2.57,2.34,2.46,1876,340,1992,380,2016,400,2064,370
07/04/2018 00:00,2.79,2.71,2.09,2.51,1856,390,1804,370,2108,530,2020,400
08/04/2018 00:00,2.76,2.74,2.51,2.67,1780,340,1868,330,2020,380,1932,350
09/04/2018 00:00,2.84,2.01,2.84,2.04,1752,280,2052,390,1960,320,2128,380
10/04/2018 00:00,2.63,2.23,2.43,2.2,1782,340,2228,300,2092,350,2148,370
11/04/2018 00:00,2.73,2.91,2.69,2.69,1860,360,1884,340,1940,360,2004,340
12/04/2018 00:00,2.94,3.03,3,2.83,1860,330,1844,300,1952,320,2108,360
13/04/2018 00:00,2.99,2.87,2.44,2.46,,310,,310,,320,,330
14/04/2018 00:00,2.56,1.8,2.74,2.69,,330,,470,,350,,350
15/04/2018 00:00,2.86,2.97,2.8,2.74,1816,330,1932,330,1772,350,1940,350
16/04/2018 00:00,2.83,2.71,2.83,2.97,1872,300,2116,320,1936,300,1988,300
17/04/2018 00:00,2.84,3.04,2.57,2.81,,330,,320,,400,,340
18/04/2018 00:00,3,2.83,2.53,2.34,1828,340,1924,360,1888,380,1856,370
19/04/2018 00:00,2.9,2.96,2.57,3.09,1924,320,1868,310,1912,420,1816,330
20/04/2018 00:00,3.14,3.2,3.24,3.31,,290,,350,,330,,290
21/04/2018 00:00,2.83,3.06,2.34,2.74,1992,350,1884,330,1964,330,2016,400
22/04/2018 00:00,3.21,2.87,2.77,2.84,,230,,320,,330,,360
23/04/2018 00:00,2.71,2.71,2.39,2.96,1840,340,1920,370,1884,370,1696,310
24/04/2018 00:00,3.23,3.17,3.06,3.4,1920,300,1924,320,1944,330,1760,280
25/04/2018 00:00,2.86,3.23,3.04,3.17,1776,320,1724,300,1760,330,1708,330
26/04/2018 00:00,2.89,3.37,3.31,3.04,2060,330,1632,300,1612,320,1860,340
27/04/2018 00:00,3.17,3.16,3.14,3.31,1852,290,1804,290,1740,280,1880,280
28/04/2018 00:00,2.24,2.6,2.93,2.44,2568,390,2096,330,1972,300,2244,350
29/04/2018 00:00,2.8,2.89,3.14,3.23,1944,340,1948,300,1764,280,1816,260
30/04/2018 00:00,3.06,2.96,3.44,3.39,1928,330,2084,390,1824,290,1960,300
01/05/2018 00:00,2.49,2.71,2.83,2.97,2000,370,1992,350,1812,310,1784,280
02/05/2018 00:00,2.57,3.06,2.97,2.71,2076,370,1768,280,2216,290,2216,300
03/05/2018 00:00,2.54,2.89,2.91,2.96,1864,340,2036,300,1500,290,2080,290
04/05/2018 00:00,2.37,3.37,3.2,2.97,2164,440,2044,300,1852,320,,350
05/05/2018 00:00,2.31,3.23,2.49,1.94,2412,420,1876,300,2376,430,1960,450
06/05/2018 00:00,2.66,3.21,2.73,2.73,1844,400,1884,300,1960,370,1880,370
07/05/2018 00:00,2.67,2.99,2.99,2.7,1896,390,1748,320,1880,350,1912,390
08/05/2018 00:00,2.7,3.17,2.84,2.79,1800,400,1596,300,1764,350,1804,360
09/05/2018 00:00,3.23,3.23,3.17,3.1,1728,300,1824,270,1784,280,1896,300
10/05/2018 00:00,2.79,3.2,2.99,3.26,1868,300,1676,250,1992,300,2000,280
11/05/2018 00:00,2.77,3.26,3.44,3.43,1912,310,1676,280,1664,290,1704,290
12/05/2018 00:00,2.73,2.83,3.2,2.56,2060,350,2056,350,1856,300,2228,580
13/05/2018 00:00,2.53,3.43,2.69,2.94,2020,370,1704,300,2172,360,2000,380
14/05/2018 00:00,2.96,3.16,3.17,2.73,1948,320,1892,220,1904,220,2000,350
15/05/2018 00:00,2.71,3.07,2.97,3.13,2112,400,2028,340,2036,350,1960,310
16/05/2018 00:00,2.7,3.33,3.07,2.87,2016,360,1808,280,2000,290,2064,310
17/05/2018 00:00,2.97,3.1,3.16,3.03,1884,340,1892,310,1804,290,1896,310
18/05/2018 00:00,3.17,3.26,3.03,3.26,,340,,300,,290,,310
19/05/2018 00:00,2.63,2.97,3.23,3.46,2236,380,2116,360,2048,330,1912,280
20/05/2018 00:00,2.23,2.59,3.16,3.46,2012,380,2160,340,1984,300,1948,320
21/05/2018 00:00,2.5,2.71,3.51,3.69,2060,420,2048,410,1932,250,1760,240
22/05/2018 00:00,2.77,3.03,3.86,3.63,1992,380,1908,340,1644,200,1752,200
23/05/2018 00:00,2.69,3.29,3.91,4.11,1976,250,1772,260,1636,250,1688,200
24/05/2018 00:00,3.01,3.07,3.9,3.93,1968,320,1884,280,1692,210,1672,200
25/05/2018 00:00,2.97,3,3.64,3.8,2076,320,1980,340,1748,210,1868,210
26/05/2018 00:00,2.64,2.79,3.67,3.8,2368,320,2288,320,1992,230,1964,240
27/05/2018 00:00,2.83,2.99,3.66,3.36,2108,360,1924,320,1720,240,1780,250
28/05/2018 00:00,2.34,2.71,3.49,3.71,2100,380,1852,320,1676,260,1708,250
29/05/2018 00:00,2.83,2.81,3.41,3.29,1884,360,1820,300,1696,250,1780,260
30/05/2018 00:00,2.57,3.01,3.34,3.16,2232,390,2272,320,2084,290,1892,330
31/05/2018 00:00,2.83,3.2,3.31,3.2,2000,360,1844,310,1776,300,1904,320
01/06/2018 00:00,2.76,2.91,3.24,3.17,2116,430,2052,410,1792,300,1868,300
02/06/2018 00:00,1.63,2.69,3.24,2.91,2400,530,2032,360,1884,320,2020,370
03/06/2018 00:00,3.03,2.76,3.46,3,1984,330,2064,370,1684,300,2004,320
04/06/2018 00:00,2.89,3.04,3.36,3.43,2176,360,1976,330,1884,260,,270
05/06/2018 00:00,2.71,3.23,3.34,3.37,2164,390,1880,300,1820,260,1860,240
06/06/2018 00:00,2.87,3.04,3.34,3.41,1876,300,2068,300,1832,250,1816,240
07/06/2018 00:00,3.06,3.23,3.49,3.34,1976,360,1924,320,1760,280,1820,300
08/06/2018 00:00,2.84,2.84,3.56,3.46,,390,,360,,260,,250
09/06/2018 00:00,2.6,3.03,3.54,3.21,2020,410,1916,310,1728,240,1856,270
10/06/2018 00:00,2.8,3.16,3.51,3.49,1928,390,1720,320,1784,240,1744,260
11/06/2018 00:00,3.11,3.17,3.8,3.8,1964,320,1840,300,1780,230,1776,220
12/06/2018 00:00,3,3,3.61,3.2,1986,360,1864,320,1716,210,1960,250
13/06/2018 00:00,3.11,3.4,3.71,3.46,1908,300,1684,240,1772,200,1844,230
14/06/2018 00:00,2.97,3.23,3.61,3.46,1956,260,1824,250,1876,230,1896,230
15/06/2018 00:00,3.34,3.31,3.16,3.31,2028,290,1804,280,1852,290,1852,280
16/06/2018 00:00,2.83,3.57,3.09,2.97,2156,400,1788,280,1944,300,2120,330
17/06/2018 00:00,3.17,3.34,3.33,3.04,1932,340,1752,300,1832,320,2028,360
18/06/2018 00:00,3.34,3.31,3.16,3.31,1716,290,1680,280,1960,290,1896,280
19/06/2018 00:00,3.26,3.37,3.43,3.43,1912,300,1976,270,1876,260,2028,270
20/06/2018 00:00,3.14,3.37,3.34,3.37,1928,300,1664,260,2148,290,2012,290
21/06/2018 00:00,3.23,3.54,3.37,3.57,1836,280,1636,230,1996,270,2012,260
22/06/2018 00:00,3.37,3.44,3.44,3.46,1708,270,1636,250,1924,260,1884,290
23/06/2018 00:00,2.63,3.29,3.03,3.11,2114,430,1736,280,2128,320,2128,300
24/06/2018 00:00,3.09,3.23,3.46,3.31,1860,300,1768,320,1832,310,2112,300
25/06/2018 00:00,3.11,3.26,3.57,3.2,1728,300,1720,280,1908,270,1972,290
26/06/2018 00:00,2.93,3.19,2.97,3.16,1908,330,1468,300,1928,310,1852,300
27/06/2018 00:00,3.36,3.41,3.43,3.5,1840,280,1772,260,2008,230,1928,220
28/06/2018 00:00,3.37,3.34,3.69,3.69,1788,300,1728,280,1828,230,1880,220
29/06/2018 00:00,3.19,3.46,3.41,3.67,1668,280,1568,250,1976,240,1976,220
30/06/2018 00:00,3.23,3.44,3.54,3.59,1860,290,1664,260,1884,240,1912,230
01/07/2018 00:00,3.03,2.97,3.84,3.79,1932,350,1888,350,1872,200,1884,200
02/07/2018 00:00,2.74,3.37,3.74,3.6,1928,380,1688,320,1976,240,2096,270
03/07/2018 00:00,2.71,3.41,3.77,3.63,2036,360,1976,330,2424,230,1832,250
04/07/2018 00:00,3,3.17,0,3.73,2556,350,1756,350,,0,2008,200
05/07/2018 00:00,3.03,3.03,3.47,3.7,1940,350,2112,370,2456,220,2008,170
06/07/2018 00:00,2.96,3.23,4.2,4.21,1988,370,1896,320,1840,160,1656,140
07/07/2018 00:00,2.29,2.97,3.54,3.57,2252,390,2300,330,2100,200,1952,170
08/07/2018 00:00,2.91,3.11,3.64,3.64,1824,370,1816,370,1760,170,1812,180
09/07/2018 00:00,2.74,3.11,3.57,3.89,2052,330,1908,290,2020,170,1764,170
10/07/2018 00:00,2.77,3,3.69,4.2,2036,400,1816,300,1828,180,1792,170
11/07/2018 00:00,3.09,3.31,4.23,4.14,1876,300,1848,270,1752,170,1784,150
12/07/2018 00:00,3,3.37,4.23,4.09,1924,320,1768,300,1636,210,1708,230
13/07/2018 00:00,2.86,3.4,3.8,4.03,1876,330,1788,280,1824,180,1708,160
14/07/2018 00:00,2.3,2.94,3.87,3.96,2216,460,1980,330,1868,170,1872,170
15/07/2018 00:00,3.16,3.26,3.97,4.11,2256,330,1904,280,1920,170,1808,160
16/07/2018 00:00,3.23,3.23,4.4,4.31,1932,250,1948,250,1800,150,1864,160
17/07/2018 00:00,3.34,3.49,4.2,4.34,1940,280,1852,260,1808,160,1776,150
18/07/2018 00:00,3.36,3.36,4.29,4.29,2164,270,1872,270,1756,140,1784,150
19/07/2018 00:00,3.26,3.43,4.2,4.11,1932,250,1860,240,1812,150,1732,150
20/07/2018 00:00,3.29,3.64,4.34,4.26,2080,280,1936,250,1808,140,1936,140
21/07/2018 00:00,2.91,3.54,4.14,4.11,2276,230,1980,210,2440,150,2148,150
22/07/2018 00:00,2.96,3.07,3.49,3.49,2060,280,1956,260,1792,140,1852,140
23/07/2018 00:00,3.56,3.77,4.03,3.93,1896,250,1800,230,1844,140,1748,140
24/07/2018 00:00,3.44,3.63,3.97,4.03,1960,250,1868,240,1932,140,1764,130
25/07/2018 00:00,3.23,3.64,3.8,4,2076,270,1844,240,1856,150,1700,140
26/07/2018 00:00,3.4,3.86,4.11,4.6,2004,250,1792,230,1936,200,1784,190
27/07/2018 00:00,3.51,3.89,4.06,4.37,1828,250,1612,230,1744,210,1804,190
28/07/2018 00:00,3.37,3.94,4.03,4.37,2068,260,1776,240,1900,220,1664,200
29/07/2018 00:00,3.6,3.74,3.86,4.2,2140,250,1756,230,1876,200,1748,180
30/07/2018 00:00,3.6,3.56,3.99,4.06,1900,220,1896,220,1796,180,1676,160
31/07/2018 00:00,3.63,3.63,3.83,3.84,1892,220,2000,240,1956,180,1756,170
01/08/2018 00:00,3.61,3.59,3.8,3.91,1932,220,1996,220,1812,180,1848,180
02/08/2018 00:00,3.76,3.74,3.77,3.94,1792,200,1996,200,1868,180,1816,170
03/08/2018 00:00,3.64,3.51,3.49,3.97,1920,220,1816,210,1944,200,1804,180
04/08/2018 00:00,2.96,3.6,3.74,3.74,2188,230,1944,220,1952,200,1992,200
05/08/2018 00:00,3.43,3.57,3.89,4.03,1964,280,1720,230,1976,250,1992,210
06/08/2018 00:00,3.51,3.86,3.97,4.09,1960,240,1800,230,1816,220,1936,210
07/08/2018 00:00,3.43,3.54,3.37,3.6,2140,200,2352,190,2140,220,1624,150
08/08/2018 00:00,3.43,3.54,3.37,3.6,1924,200,1768,180,1924,190,1632,170
09/08/2018 00:00,3.67,3.84,3.73,3.87,1924,200,1680,200,1996,200,1696,180
10/08/2018 00:00,3.67,3.66,3.89,4.13,2256,170,1850,200,1928,200,2020,170
11/08/2018 00:00,3.51,3.77,3.93,3.93,2248,200,1748,170,1932,180,2016,190
12/08/2018 00:00,3.71,3.8,3.74,3.91,1696,240,1580,220,1828,200,1660,220
13/08/2018 00:00,3.6,3.91,3.77,3.89,1760,210,1620,200,2072,200,1748,210
14/08/2018 00:00,3.99,3.89,3.91,3.91,1776,170,1688,160,1808,170,1828,180
15/08/2018 00:00,3.71,4,4.16,3.96,1716,180,1620,160,1572,170,1724,180
16/08/2018 00:00,3.89,4.07,3.83,3.94,1724,170,1524,150,1736,180,1732,170
17/08/2018 00:00,3.69,3.97,3.94,3.94,1784,180,1804,150,1760,180,1876,180
18/08/2018 00:00,3.8,4.14,4.09,4.11,2704,170,1948,150,1908,160,2044,160
19/08/2018 00:00,3.53,3.8,3.61,3.84,1868,170,1608,150,2052,170,1744,170
20/08/2018 00:00,3.74,3.89,3.81,4.03,1640,170,1768,160,2064,170,2188,170
21/08/2018 00:00,3.77,3.94,4.06,3.89,1648,190,1704,200,1628,200,1592,190
22/08/2018 00:00,4.03,3.96,4.04,4.27,1644,160,1820,170,1812,170,1920,160
23/08/2018 00:00,3.84,4.03,3.89,4.07,1836,170,1784,160,1788,170,2272,160
24/08/2018 00:00,3.89,3.87,3.69,4.03,1212,170,1704,170,1760,170,1536,150
25/08/2018 00:00,3.99,3.99,3.97,4,1924,180,1924,190,1804,150,1660,160
26/08/2018 00:00,3.53,3.44,3.67,3.74,1788,190,1800,190,1584,140,1628,160
27/08/2018 00:00,3.74,3.7,3.97,4.27,1708,170,1828,190,1808,150,1468,140
28/08/2018 00:00,3.79,3.5,4.03,4.26,1584,160,2180,210,1832,140,1656,140
29/08/2018 00:00,4.3,4.27,5.33,4.97,1900,200,1848,200,,0,1616,140
30/08/2018 00:00,3.34,3.77,4.23,4.3,1872,170,1860,170,1772,130,1612,130
31/08/2018 00:00,3.66,3.8,4.16,4.3,2200,190,1844,180,1832,140,1812,120
01/09/2018 00:00,3.51,3.66,4.24,4.24,2080,230,1916,200,1952,140,1824,140
02/09/2018 00:00,3.79,4,4.49,4.53,1996,200,1856,180,1776,130,1776,130
03/09/2018 00:00,3.57,3.61,3.77,3.79,2028,190,1840,170,1900,130,1900,130
04/09/2018 00:00,3.57,3.61,3.77,3.79,1900,170,1872,150,1848,130,1756,130
05/09/2018 00:00,3.74,3.91,3.89,3.94,1968,190,1812,170,1896,140,1756,130
06/09/2018 00:00,3.57,3.91,4.03,4.37,2008,180,1908,170,1960,180,1796,140
07/09/2018 00:00,3.66,4,3.67,3.96,1792,160,2736,160,2312,140,2124,140
08/09/2018 00:00,3.57,3.91,3.8,3.79,2088,180,2112,170,2092,160,1924,130
09/09/2018 00:00,3.8,4,3.8,3.99,,160,,150,,140,,140
10/09/2018 00:00,3.46,3.74,3.7,3.87,2080,160,2028,150,2036,130,1856,130
11/09/2018 00:00,3.87,4.16,4.47,4.47,2068,170,1968,160,1976,110,1956,100
12/09/2018 00:00,3.97,4.11,4.66,4.8,1944,150,1844,140,2008,110,1792,110
13/09/2018 00:00,3.91,4.21,3.89,4.01,1920,160,1908,150,1956,110,1748,110
14/09/2018 00:00,3.8,4.01,4.27,4.44,1720,160,1680,150,1828,120,1752,120
15/09/2018 00:00,3.93,4.03,4.24,4.36,1968,170,2024,160,1916,140,1868,130
16/09/2018 00:00,3.57,3.51,3.77,4.01,1636,180,1744,170,1792,150,1868,140
17/09/2018 00:00,3.97,4.01,4.31,4.36,1872,160,1752,150,1852,140,1720,140
18/09/2018 00:00,1.94,3.84,4.21,4.17,2040,300,1772,150,1844,150,1724,150
19/09/2018 00:00,4,3.96,3.77,4.16,2072,180,2044,170,2036,150,1904,160
20/09/2018 00:00,3.8,3.8,4.3,4.14,1896,160,1832,150,1868,160,1800,150
21/09/2018 00:00,4,4.14,4.37,4.29,1968,150,1924,150,2156,150,1868,150
22/09/2018 00:00,3.47,3.73,4.1,4.14,3256,170,3772,180,1964,160,2372,160
23/09/2018 00:00,3.91,4.14,4.43,4.43,,160,,160,,150,,140
24/09/2018 00:00,4.57,3.71,4.11,4.09,,180,,180,,160,,150
25/09/2018 00:00,3.8,3.71,3.99,3.99,1852,210,1820,210,1728,190,1672,190
26/09/2018 00:00,3.64,4.04,3.89,4.26,1668,160,1712,150,1600,140,1552,140
27/09/2018 00:00,4.11,4,4.31,4.2,1448,150,1880,170,1628,140,1672,150
28/09/2018 00:00,4.03,3.86,4.2,4.2,,160,1912,150,1788,160,1748,160
29/09/2018 00:00,3.74,3.74,4.29,4.29,1952,180,2024,180,1824,170,1752,160
30/09/2018 00:00,3.74,3.8,3.71,3.9,1676,170,1680,170,1680,150,1692,150
01/10/2018 00:00,4.03,4.14,4.16,4.16,1700,200,1668,190,1784,160,1712,160
02/10/2018 00:00,3.51,3.71,3.8,4.11,1888,200,1664,200,1724,170,1736,160
03/10/2018 00:00,3.66,3.83,4.11,4.23,1808,200,2080,190,1808,170,1728,150
04/10/2018 00:00,3.74,4.09,4.17,4.43,1716,200,1700,200,1764,180,1712,170
05/10/2018 00:00,3.67,3.7,3.87,3.77,1748,200,1740,200,1792,170,1712,170
06/10/2018 00:00,3.59,3.74,3.73,3.81,1928,200,1860,200,1896,170,1868,170
07/10/2018 00:00,3.39,3.63,3.77,3.89,1804,220,1860,220,1976,190,1872,190
08/10/2018 00:00,3.49,3.74,3.83,3.89,1784,180,1816,170,2288,170,2188,170
09/10/2018 00:00,3.63,3.94,3.8,3.83,1784,200,1756,200,1884,180,1904,190
10/10/2018 00:00,3.51,3.69,3.74,3.31,1804,200,1724,200,1924,210,1932,220
11/10/2018 00:00,3.6,3.94,3.86,3.69,1804,220,1724,200,1924,210,1820,200
12/10/2018 00:00,3.57,3.79,3.64,3.59,1796,230,1680,220,,220,1860,210
13/10/2018 00:00,3.11,3.43,3.39,3.39,2012,260,2140,230,1868,220,1864,220
14/10/2018 00:00,3.39,3.56,3.46,3.56,1840,240,1732,240,1888,230,1884,230
15/10/2018 00:00,3.54,3.8,3.79,3.76,1776,250,1660,240,1808,220,1796,220
16/10/2018 00:00,3.26,3.31,3.49,3.49,1976,250,1804,220,1896,220,1904,210
17/10/2018 00:00,3.14,3.49,3.6,3.67,1952,260,1720,240,1988,240,1960,240
18/10/2018 00:00,3.49,3.29,3.49,3.57,1848,200,1832,200,1968,210,2232,210
19/10/2018 00:00,3.53,3.53,3.34,3.4,1720,240,1592,210,2000,250,1884,240
20/10/2018 00:00,3.43,3.54,3.2,3.34,1912,250,1756,260,2232,210,2232,280
21/10/2018 00:00,3.77,3.71,3.57,3.44,1600,230,1484,190,1940,230,2088,270
22/10/2018 00:00,3.24,3.43,3.67,2.69,1768,220,1756,210,1932,180,2412,360
23/10/2018 00:00,3.46,3.63,3.26,2.97,1752,250,1592,220,2260,250,2264,280
24/10/2018 00:00,3.36,3.49,3.96,4.04,1860,270,1700,250,2184,190,2148,190
25/10/2018 00:00,3.11,3.71,3.29,3.2,2032,280,1752,230,2328,270,2220,270
26/10/2018 00:00,2.94,3.17,3.26,3.36,1820,300,1588,240,1896,270,2032,270
27/10/2018 00:00,2.94,3.34,3.33,3.33,2172,320,1872,280,2064,280,2124,270
28/10/2018 00:00,2.63,2.89,3.27,3.41,1900,360,1932,320,2016,280,2076,280
29/10/2018 00:00,2.97,3.2,3.09,3.41,1976,300,2308,260,2328,270,,280
30/10/2018 00:00,2.97,3.63,3.17,3.31,1912,300,1580,240,1912,270,1860,250
31/10/2018 00:00,3.27,3.5,3.39,3.43,1912,270,1720,250,1940,250,1844,250
01/11/2018 00:00,3.7,3.49,3.5,3.61,1700,300,1668,240,1784,270,1712,250
02/11/2018 00:00,3.4,3.51,3.49,3.46,1816,220,1908,200,1764,210,2136,230
03/11/2018 00:00,3.49,3.49,3.2,3.34,1844,230,2052,240,2076,270,2456,260
04/11/2018 00:00,4.03,3.6,3.49,2.86,1660,220,1884,240,2172,260,2016,280
05/11/2018 00:00,3.69,3.54,3.43,4,1876,250,1980,270,1872,240,2016,0
06/11/2018 00:00,3.34,3.2,3.66,3.51,1904,250,2072,220,1676,230,1732,240
07/11/2018 00:00,3.06,3.1,3.59,3.46,2016,300,1988,260,1680,260,1744,220
08/11/2018 00:00,3.07,3.11,3.44,3.49,2064,330,2020,300,1640,240,1632,230
09/11/2018 00:00,2.94,2.8,3.46,3.6,2208,320,2328,350,1816,260,1744,250
10/11/2018 00:00,2.89,2.74,3.37,3.6,2328,350,2472,360,1880,260,1852,250
11/11/2018 00:00,2.63,2.41,3.24,3.3,2168,330,2224,330,1792,250,1796,250
12/11/2018 00:00,2.37,2.31,3.31,2.84,2084,350,2212,400,1884,280,2216,300
13/11/2018 00:00,2.81,2.7,3.49,3.41,2040,380,2004,350,1744,260,1728,260
14/11/2018 00:00,2.34,2.49,3.2,3.46,2032,400,1944,330,1708,250,1682,250
15/11/2018 00:00,2.74,2.74,3.36,3.16,1792,340,1916,320,1752,240,1788,260
16/11/2018 00:00,2.77,2.4,3.41,3.39,1824,380,1844,350,1664,260,1764,260
17/11/2018 00:00,2.64,2.36,3.13,3.17,2056,320,2144,310,1972,230,1976,250
18/11/2018 00:00,2.97,2.81,3.33,3.59,1956,300,2024,350,1864,250,1804,230
19/11/2018 00:00,2.77,2.79,3.36,3.56,1908,360,1844,340,1848,250,1992,240
20/11/2018 00:00,2.93,2.99,3.4,3.4,1808,300,1696,270,1816,240,2036,230
21/11/2018 00:00,3.09,3.46,3.34,3.34,1756,270,1556,250,2000,250,1908,250
22/11/2018 00:00,3.24,3.59,3.86,3.66,1724,300,1536,270,1856,250,1893,250
23/11/2018 00:00,3.4,3.61,3.66,3.66,1388,250,1432,240,1584,190,1672,250
24/11/2018 00:00,3.19,3.43,3.49,3.54,1920,300,1744,260,2000,210,2024,210
25/11/2018 00:00,3.06,3.1,3.26,3.24,1684,300,1768,330,1996,240,1996,240
26/11/2018 00:00,3.34,3.43,4,3.49,1696,290,1656,280,,0,2192,250
27/11/2018 00:00,3.34,3.43,3.69,3.31,1608,260,1580,240,2027,230,2216,280
28/11/2018 00:00,3.31,3.46,3.46,3.8,1752,270,1684,250,2136,260,2256,230
29/11/2018 00:00,3.11,3.57,3.69,3.83,1756,270,1564,240,2112,210,2080,210
30/11/2018 00:00,3.54,3.4,4.26,3.66,1592,250,1532,270,1936,230,1872,240
01/12/2018 00:00,2.77,3.31,3.71,3.86,1880,300,1628,270,1892,230,1968,210
02/12/2018 00:00,3.17,3.23,3.91,3.91,1744,270,1656,260,1992,200,,200
03/12/2018 00:00,3.04,3.27,3.83,3.83,1736,260,1656,240,2160,210,2204,190
04/12/2018 00:00,2.89,3.27,3.79,3.83,1948,310,1772,210,2112,180,2088,180
05/12/2018 00:00,2.97,3.34,4.17,4.09,1920,300,1796,250,2532,170,2088,180
06/12/2018 00:00,2.57,2.71,4.04,4.09,1972,330,1856,310,1940,160,1936,150
07/12/2018 00:00,3.49,3.2,4.43,4.4,1408,200,1676,220,1936,150,1592,160
08/12/2018 00:00,3.14,2.89,4.31,4.5,1856,220,1984,210,1620,110,1648,100
09/12/2018 00:00,2.94,3.11,4.83,4.83,2052,240,1972,230,1792,110,1864,120
10/12/2018 00:00,2.89,3.23,4.54,4.57,2200,260,1960,230,2044,110,1852,110
11/12/2018 00:00,2.97,3.34,4.74,4.74,2192,300,1936,240,1916,120,1852,110
12/12/2018 00:00,3.31,3.64,4.87,4.87,2040,280,1916,250,2008,130,1956,120
13/12/2018 00:00,3.26,3.49,4.69,4.69,2004,230,1800,210,1904,110,1892,110
14/12/2018 00:00,3.1,3.33,4.47,4.77,1968,250,1912,240,1824,140,1868,120
15/12/2018 00:00,3.19,3.56,4.51,4.71,2164,250,1772,230,1924,130,1936,120
16/12/2018 00:00,2.97,3.7,4.69,4.91,1988,250,1828,220,1996,120,1912,120
17/12/2018 00:00,3.26,3.34,4.71,4.71,1748,210,1688,200,1920,110,1884,120
18/12/2018 00:00,3.09,3.6,4.46,0,1980,250,1688,200,1980,160,,0
19/12/2018 00:00,3.23,3.86,4.43,4.54,1924,250,1660,220,1808,180,1748,150
20/12/2018 00:00,3.69,3.69,5.54,5.54,1656,180,1756,180,1584,100,1648,100
21/12/2018 00:00,3.23,3.4,4.69,4.69,2008,230,2216,230,1676,110,1676,110
22/12/2018 00:00,2.89,3.26,4.71,4.71,2130,210,2076,200,1788,120,1808,120
23/12/2018 00:00,3.16,3.46,4.14,4.24,1944,230,1752,200,1760,130,1704,120
24/12/2018 00:00,3.51,3.86,3.83,4.03,1964,240,1812,220,1708,180,1696,180
25/12/2018 00:00,3.4,3.54,4.3,4.66,1944,240,1820,230,1796,150,1656,140
26/12/2018 00:00,3.4,3.44,4.2,4.37,1872,240,1812,230,1688,160,1660,150
27/12/2018 00:00,3.59,3.64,4.37,4.44,1592,210,1612,210,1736,140,1556,140
28/12/2018 00:00,3.3,3.36,3.71,3.71,1836,210,1816,210,1640,150,1664,150
29/12/2018 00:00,3.1,3.64,4.13,4.01,2084,290,1896,250,1832,170,1688,180
30/12/2018 00:00,3.37,3.43,3.97,4.11,1848,200,1820,200,1700,150,1764,150
31/12/2018 00:00,3.51,3.66,3.94,3.94,1932,220,1820,200,1808,160,1840,160
01/01/2019 00:00,3.41,3.63,3.79,3.91,1900,240,1836,230,2172,190,1504,180
02/01/2019 00:00,3.23,3.8,3.91,3.97,2064,240,1636,220,1604,200,1992,180
03/01/2019 00:00,3.23,3.46,3.74,3.74,1936,270,1900,250,1720,180,1884,160
04/01/2019 00:00,3.16,3.29,3.81,4.04,1816,270,1776,270,1736,200,1736,190
05/01/2019 00:00,2.44,2.97,3.99,4.4,2048,290,1948,270,1772,190,1736,180
06/01/2019 00:00,3.09,3.17,3.97,4.14,1904,240,1852,230,1800,160,1800,160
07/01/2019 00:00,3.26,3.14,4,4.23,1848,250,1976,240,1892,190,1716,180
08/01/2019 00:00,3.37,3.23,4.31,4.17,1892,230,1808,250,1720,160,1744,160
09/01/2019 00:00,3.69,3.8,4.03,4.03,1488,170,1468,180,1868,160,1964,160
10/01/2019 00:00,4.37,3.97,3.34,3.2,1196,170,1208,180,2216,200,2228,220
11/01/2019 00:00,4.34,4.2,3.49,3.43,1108,160,1128,170,2252,200,2336,220
12/01/2019 00:00,4.17,4.06,3,2.94,1124,140,1176,150,2548,280,2508,300
13/01/2019 00:00,4.57,4.41,3.31,3.43,1104,140,1156,150,2452,270,2360,260
14/01/2019 00:00,3.97,3.89,3.79,3.74,1464,170,1528,180,2128,190,2244,190
15/01/2019 00:00,3.37,3.37,3.69,3.86,1736,230,1828,230,1840,160,1888,160
16/01/2019 00:00,3.69,3.73,4.19,4.26,1756,220,1744,220,1840,170,1768,150
17/01/2019 00:00,3.71,3.6,4.43,4.43,1720,210,1912,200,1728,150,1836,150
18/01/2019 00:00,3.49,3.77,4.4,4.26,1808,220,1752,200,1640,150,1760,160
19/01/2019 00:00,3.46,3.71,4.46,4.46,2028,230,1812,220,1732,150,1804,150
20/01/2019 00:00,3.2,3.6,3.8,3.97,1952,230,1716,200,1876,180,1820,160
21/01/2019 00:00,3.49,3.66,3.83,3.83,1812,240,1688,230,1816,190,1772,190
22/01/2019 00:00,3.26,3.74,4.17,3.94,1912,230,1812,200,1856,170,1908,180
23/01/2019 00:00,3.13,3.49,3.84,3.97,2016,270,1904,250,1880,190,1964,190
24/01/2019 00:00,3.36,3.49,3.96,4.04,2036,270,1980,250,1856,190,1824,190
25/01/2019 00:00,3.14,3.4,3.76,3.8,1928,270,1844,250,1928,200,1928,200
26/01/2019 00:00,3.23,3.41,3.54,3.63,1932,270,2064,250,1968,210,1948,210
27/01/2019 00:00,2.94,3.29,4.06,3.69,2124,280,2076,260,1776,200,1912,220
28/01/2019 00:00,2.57,2.94,3.57,3.57,2112,360,2280,290,1844,220,2448,210
29/01/2019 00:00,2.91,3.24,4.17,3.97,1996,280,1880,270,1720,190,1724,230
30/01/2019 00:00,3.17,3.46,3.4,3.54,1828,290,1644,250,1888,240,1744,230
31/01/2019 00:00,3.29,3.29,3.66,3.51,1756,250,1736,250,1740,200,1776,200
01/02/2019 00:00,3.34,3.57,3.71,3.94,1824,240,1800,220,1800,200,1832,200
02/02/2019 00:00,2.94,2.93,3.39,3.47,2080,300,2100,300,1960,230,1868,230
03/02/2019 00:00,3,3.19,3.36,3.5,2096,320,1884,290,1892,230,1708,220
04/02/2019 00:00,3.04,3.26,3.46,3.59,2032,310,1948,290,1936,240,1836,230
05/02/2019 00:00,3.17,3.17,3.31,3.26,1908,380,1856,290,1992,240,1836,230
06/02/2019 00:00,3.07,3.09,3.34,3.59,2000,270,1980,260,2016,240,1896,230
07/02/2019 00:00,3.23,3.6,3.8,3.49,1756,240,1680,220,1464,180,1508,190
08/02/2019 00:00,2.97,3.14,3.11,3.2,1956,230,1780,220,1946,230,1876,240
09/02/2019 00:00,3.11,3.11,3.69,3.77,2028,250,1908,240,1800,230,1848,240
10/02/2019 00:00,2.8,3.34,3.54,3.46,1924,280,1804,240,1824,200,1876,210
11/02/2019 00:00,3.06,3.23,3.46,3.46,1908,240,1832,230,1796,180,1892,190
12/02/2019 00:00,3.21,3.53,3.59,3.43,1800,240,1636,220,1928,220,2168,190
13/02/2019 00:00,3.23,3.53,3.63,3.43,1748,250,,220,1900,220,2036,230
14/02/2019 00:00,3.34,3.89,4.16,4.16,1772,250,1752,240,2032,220,1964,200
15/02/2019 00:00,3.39,3.5,3.69,3.8,1700,240,1660,240,1768,210,1736,210
16/02/2019 00:00,2.81,2.81,3.77,3.84,1856,280,1536,280,1600,190,1652,190
17/02/2019 00:00,2.54,3.11,3.4,3.26,2008,250,1864,220,1900,180,1964,200
18/02/2019 00:00,2.49,2.89,3.71,3.37,2084,260,1916,230,1764,180,1984,200
19/02/2019 00:00,2.63,3.03,3.43,3.26,2124,260,1964,230,1872,200,1864,220
20/02/2019 00:00,2.83,2.94,3.86,3.86,2028,290,1808,240,1796,190,1700,190
21/02/2019 00:00,2.83,3.34,3.49,3.37,2016,270,1680,250,1904,210,1956,200
22/02/2019 00:00,3.09,3.46,3.6,3.54,1820,270,1748,250,1864,220,1844,240
23/02/2019 00:00,3.06,3,3.74,3.37,1888,250,1972,280,1872,230,1944,250
24/02/2019 00:00,2.64,2.94,3.94,3.7,2024,310,1852,290,1848,230,1836,230
25/02/2019 00:00,2.66,2.86,3.34,3.34,1900,300,1776,290,1868,250,1856,230
26/02/2019 00:00,2.89,3.16,3.59,3.59,1924,310,1820,290,1828,220,1796,240
27/02/2019 00:00,3.2,3.43,3.54,3.6,1760,240,1708,230,1860,220,1808,200
28/02/2019 00:00,2.94,3.31,3.43,3.43,1760,230,1652,210,1916,200,1880,200
01/03/2019 00:00,3.27,3.46,3.51,3.11,1848,210,1700,200,1996,200,2212,200
02/03/2019 00:00,2.57,2.8,3.2,3.2,2068,300,1936,270,2140,250,2100,250
03/03/2019 00:00,3.1,3.14,3.34,3.46,1700,270,1712,270,1804,220,1812,240
04/03/2019 00:00,3.09,2.94,3.46,3.31,1788,260,1736,270,2048,220,1992,230
05/03/2019 00:00,3.29,3.09,3.63,3.56,1776,270,1740,270,1908,240,1992,240
06/03/2019 00:00,3.31,3.49,3.53,3.56,1776,270,1760,250,1904,220,1868,210
07/03/2019 00:00,3.16,3.24,3.24,3.21,1836,250,1572,250,1776,230,1784,220
08/03/2019 00:00,3.29,3.3,3.2,3.13,1524,260,1940,250,2092,250,2384,250
09/03/2019 00:00,3.21,3.46,3.16,3.14,1668,250,2144,240,2316,270,2280,250
10/03/2019 00:00,2.49,2.49,3.26,3.26,1852,340,1960,320,1956,250,2084,250
11/03/2019 00:00,2.77,2.63,3.46,3.09,1912,250,1772,280,1876,220,2308,260
12/03/2019 00:00,2.49,2.71,3.69,3.31,1764,330,1700,300,1768,230,2144,250
13/03/2019 00:00,2.54,2.67,3.59,3.49,1852,370,1800,360,2044,240,2044,240
14/03/2019 00:00,2.89,3.13,3.47,3.46,1688,310,1824,280,1468,210,1508,210
15/03/2019 00:00,2.6,2.74,4,3.66,1880,350,1992,350,1828,210,1624,220
16/03/2019 00:00,2.57,2.86,3.6,3.69,2004,310,1832,250,1848,190,1884,190
17/03/2019 00:00,2.86,2.86,3.59,3.49,1884,300,1796,320,1740,230,1724,230
18/03/2019 00:00,3,3.04,3.69,3.49,1688,320,1660,300,1692,250,1848,260
19/03/2019 00:00,3.14,3.14,3.51,3.59,1844,230,1756,250,2000,210,1960,200
20/03/2019 00:00,2.94,3.11,3.46,3.31,1816,300,1740,280,1860,250,1824,250
21/03/2019 00:00,3.3,3.3,3.69,3.56,1704,280,1664,280,1756,240,1772,250
22/03/2019 00:00,3.13,3.24,3.49,3.73,1772,270,1716,250,1720,230,1628,220
23/03/2019 00:00,2.24,3.1,3.21,3.11,2172,390,2000,300,1888,270,1944,270
24/03/2019 00:00,2.67,2.77,3.27,3.2,1896,350,1944,350,1764,250,1748,260
25/03/2019 00:00,3.04,2.93,3.49,3.49,1608,290,1716,290,1580,230,1580,230
26/03/2019 00:00,2.86,2.93,3.57,3.23,1792,290,1784,290,1876,230,1636,260
27/03/2019 00:00,2.97,2.99,3.51,3.39,1712,280,1688,270,1736,230,1724,230
28/03/2019 00:00,2.89,2.89,3.67,3.73,1820,310,1816,300,1744,230,1748,230
29/03/2019 00:00,2.97,2.97,3.46,3.71,1772,300,1768,290,1812,240,1764,220
30/03/2019 00:00,3.19,2.77,3.91,3.64,1928,330,1668,330,1896,240,1992,250
31/03/2019 00:00,2.77,3,3.61,3.59,1764,300,1604,300,1552,220,1556,230
01/04/2019 00:00,3.19,3.07,3.74,3.56,1564,260,1648,280,1580,200,1580,220
02/04/2019 00:00,,,,,1928,,1880,,1876,,1852,
03/04/2019 00:00,3,3,3.37,3.19,1540,280,1827,260,1540,230,1884,250
04/04/2019 00:00,3.14,3.26,3.37,3,1864,260,1836,240,1996,220,1924,230
05/04/2019 00:00,3.57,3.46,3.77,3.69,1736,240,1800,260,1740,220,1924,230
06/04/2019 00:00,3.29,3.34,3.4,3.34,1828,250,1900,270,2024,260,1968,260
07/04/2019 00:00,3.3,3.17,3.17,3.27,1728,260,1684,280,1968,250,1944,250
08/04/2019 00:00,3.06,2.99,3.29,3.27,1960,300,1896,310,2000,250,1956,250
09/04/2019 00:00,3.14,2.93,3.24,3.41,1900,300,2112,300,1796,270,1828,270
10/04/2019 00:00,3.26,3.3,3.47,3.54,1780,280,1888,270,1860,250,1784,240
11/04/2019 00:00,2.96,2.94,3.3,3.46,1780,300,1888,280,1860,260,1784,240
12/04/2019 00:00,3.46,3.09,3.46,3.46,1760,250,1776,300,1720,250,1548,250
13/04/2019 00:00,3.2,2.97,3.49,3.46,1960,240,1852,180,1812,200,1928,210
14/04/2019 00:00,3.14,3.09,3.11,2.94,1868,250,1884,220,1840,270,1832,260
15/04/2019 00:00,3.41,3.34,3.33,3.34,1656,250,1820,270,1872,260,1840,270
16/04/2019 00:00,3.23,3.17,3.54,3.43,1824,280,1824,300,1740,250,1784,260
17/04/2019 00:00,3.13,3.01,3.41,3.4,1932,300,1884,300,1788,250,1860,280
18/04/2019 00:00,3,3.26,3.37,3.31,1868,280,1896,250,1852,210,1888,230
19/04/2019 00:00,3,2.96,3.69,3.54,1888,310,1860,300,1704,250,1736,250
20/04/2019 00:00,2.73,2.7,3.76,3.54,1988,350,2036,350,1856,250,1776,250
21/04/2019 00:00,2.71,2.49,3.46,3.31,1740,360,1752,350,1784,270,1680,260
22/04/2019 00:00,3.14,2.56,3.33,3.44,1632,280,2040,300,2092,280,1820,280
23/04/2019 00:00,3.2,3.34,3.8,3.66,1676,300,1732,270,1760,220,1720,240
24/04/2019 00:00,3.34,3.26,3.6,3.37,1704,280,1744,250,1772,210,1816,230
25/04/2019 00:00,3.29,3.44,3.5,3.53,,280,,280,,260,,250
26/04/2019 00:00,3.43,3.11,3.54,3.46,1584,280,1912,290,1756,240,1728,260
27/04/2019 00:00,3.43,3.43,3.83,3.51,1608,240,1680,250,1752,230,1716,230
28/04/2019 00:00,3.41,3.41,3.37,3.37,1504,270,1680,270,1744,270,1740,270
29/04/2019 00:00,3.54,3.54,3.54,3.63,1472,250,1532,250,1668,260,1588,260
30/04/2019 00:00,3.14,3.37,3.69,3.11,1728,270,1808,270,1752,230,1752,240
01/05/2019 00:00,3.51,3.34,3.49,3.23,1672,240,1688,300,1636,260,1720,280
02/05/2019 00:00,3.37,3.29,3.3,3.36,1636,270,1872,300,1788,260,1740,250
03/05/2019 00:00,3.41,3.57,3.77,3.66,1552,280,1676,260,1676,240,1656,230
04/05/2019 00:00,3.43,3.11,3.53,3.31,1740,250,2164,300,1860,240,1864,260
05/05/2019 00:00,3.16,3.19,3.69,3.69,1712,270,1792,300,1620,240,1864,250
06/05/2019 00:00,3.43,3.2,3.54,3.4,1752,230,1736,250,1816,260,1804,270
07/05/2019 00:00,3.39,3.26,3.33,3.6,1704,270,1808,270,1836,240,1784,230
08/05/2019 00:00,3.47,3.41,3.67,3.7,1676,240,1692,250,1812,230,1720,230
09/05/2019 00:00,3.47,2.97,3.64,3.53,1676,260,1916,300,1764,230,1788,240
10/05/2019 00:00,3.41,3.21,3.61,3.59,,260,,270,,220,,220
11/05/2019 00:00,3.49,3.49,3.51,3.5,1872,260,1804,240,1932,240,2076,250
12/05/2019 00:00,3.31,3.43,3.39,3.49,1824,270,1784,270,1872,250,1880,250
13/05/2019 00:00,3.4,3.4,3.4,3.39,1704,270,1732,260,2008,270,2024,260
14/05/2019 00:00,3.34,3.34,2.87,3.36,1732,240,1700,240,1908,240,2012,240
15/05/2019 00:00,3.47,3.5,3.33,3.34,1804,240,1912,240,1968,240,1884,230
16/05/2019 00:00,3.53,3.56,3.44,3.2,1604,240,1760,260,1752,230,1756,240
17/05/2019 00:00,3.34,3.37,3.63,3.49,,240,,260,,270,,260
18/05/2019 00:00,3.34,3.46,3.09,3.43,2088,280,1856,270,1848,300,1836,270
19/05/2019 00:00,3.54,3.69,3.24,3.4,1628,230,1616,240,1800,210,1668,220
20/05/2019 00:00,3.6,3.74,3.49,3.69,1700,250,1708,240,1888,270,1792,240
21/05/2019 00:00,3.2,3.43,3.46,3.47,1672,260,1648,250,1712,240,1748,230
22/05/2019 00:00,3.31,3.23,3.26,3.4,1656,230,1736,240,1876,250,1848,250
23/05/2019 00:00,3.37,3.57,3.2,3.43,1668,250,1768,250,1840,260,1756,240
24/05/2019 00:00,3.4,3.26,3.2,3.31,1784,220,1740,230,1736,220,1650,220
25/05/2019 00:00,3.06,3.14,3.46,3.54,2000,220,2052,230,1804,210,1756,200
26/05/2019 00:00,3.04,3.09,3.33,3.37,1892,290,1884,290,1668,250,1636,250
27/05/2019 00:00,3,3.03,3.59,3.43,2148,300,1988,270,1692,240,1760,260
28/05/2019 00:00,2.71,2.97,3.5,3.33,1908,320,1832,300,1544,250,1616,260
29/05/2019 00:00,3,3.23,3.46,3.46,1812,290,1812,260,1640,270,1612,240
30/05/2019 00:00,3.19,3.11,3.2,3.2,1868,280,1836,280,1824,270,1772,270
31/05/2019 00:00,3.26,3.26,3.26,3.2,1760,270,1736,280,1768,280,1724,280
01/06/2019 00:00,2.91,2.91,3.13,3.16,1968,330,1948,320,2320,290,1880,310
02/06/2019 00:00,3.01,3.06,3.14,3.24,1952,280,1944,280,1828,270,1872,260
03/06/2019 00:00,3.31,3.31,3.43,3.69,1812,270,1976,260,1780,250,1692,240
04/06/2019 00:00,3.11,2.97,3.26,3.14,1836,210,1924,230,1732,230,1768,220
05/06/2019 00:00,2.97,2.74,3.24,3.2,1740,310,1808,320,1680,290,1768,300
06/06/2019 00:00,3.36,3.39,3.5,3.39,1688,260,1736,270,1724,220,1692,270
07/06/2019 00:00,3.57,3.71,3.6,3.83,1632,250,1732,240,1540,250,1652,250
08/06/2019 00:00,3.37,3.6,3.34,3.51,1720,230,1760,210,1724,230,1816,220
09/06/2019 00:00,3.36,3.37,3.23,3.16,1652,250,,330,1772,270,1856,280
10/06/2019 00:00,3.4,3.54,3.51,3.43,1556,230,1656,250,1744,260,1736,260
11/06/2019 00:00,3.54,3.43,3.53,3.57,1708,230,1732,240,2380,240,1912,260
12/06/2019 00:00,3.46,3.57,3.66,3.64,1480,220,1532,230,1656,220,1732,210
13/06/2019 00:00,,,,,1500,,1588,,1872,,1748,
14/06/2019 00:00,3.56,3.51,3.41,3.44,1568,240,1764,240,1760,230,1764,230
15/06/2019 00:00,3.49,3.34,3.6,3.83,2272,260,1836,280,2020,260,1840,270
16/06/2019 00:00,3.37,3.37,3.71,3.71,1720,280,1940,250,2076,200,1816,200
17/06/2019 00:00,3.26,3.49,3.66,3.71,1676,260,1696,260,1844,220,1728,200
18/06/2019 00:00,3.4,3.37,3.76,3.77,1732,240,1968,240,1720,210,2028,200
19/06/2019 00:00,3.6,3.46,3.34,3.8,1746,230,1732,250,1608,220,1764,230
20/06/2019 00:00,3.53,3.49,3.57,3.57,1612,240,1952,250,1700,240,1780,240
21/06/2019 00:00,3.56,3.49,3.51,3.51,1544,260,1604,270,1468,260,1540,260
22/06/2019 00:00,3.16,3.11,3.29,3.09,1752,290,1784,300,1744,270,1780,290
23/06/2019 00:00,3.49,3.57,3.46,3.57,1664,230,1732,250,1704,230,1612,230
24/06/2019 00:00,3.57,3.94,3.66,3.69,1632,210,1376,220,1692,220,1700,230
25/06/2019 00:00,3.81,3.53,3.67,3.83,1440,200,1580,220,1632,210,1540,200
26/06/2019 00:00,3.51,3.1,3.8,3.9,1536,230,1948,260,1596,210,1612,210
27/06/2019 00:00,3.24,3.11,3.63,3.76,1712,250,1788,260,1684,200,1732,200
28/06/2019 00:00,3.63,3.71,3.63,3.86,1792,260,1652,250,1676,200,1676,190
29/06/2019 00:00,3.37,3.4,3.86,3.83,1972,260,1804,240,1860,200,1628,220
30/06/2019 00:00,3.41,3.41,3.79,3.79,1672,250,1708,260,1720,210,1768,230
01/07/2019 00:00,3.39,3.39,3.67,3.77,1680,250,1660,250,1792,210,1760,200
02/07/2019 00:00,3.31,3.31,3.54,3.54,1688,250,1596,250,1764,210,1724,210
03/07/2019 00:00,3.34,3.11,3.43,3.66,1732,250,1712,250,1664,210,1692,210
04/07/2019 00:00,3.33,3.34,3.81,3.81,1636,260,1616,250,1652,210,1660,210
05/07/2019 00:00,3.2,3.2,3.46,3.6,1764,250,1772,250,1824,200,1660,200
06/07/2019 00:00,3.17,3.3,3.6,3.71,1856,270,1740,270,1880,220,1920,240
07/07/2019 00:00,3.26,3.37,3.6,3.76,1688,250,1628,260,1736,280,1764,230
08/07/2019 00:00,3.24,3.37,3.5,3.59,1790,250,1820,260,1940,230,1936,240
09/07/2019 00:00,3.29,3.2,3.61,3.59,1824,250,1896,260,1964,230,1824,230
10/07/2019 00:00,3.17,3.03,3.54,3.56,1972,260,2012,260,2052,220,1984,220
11/07/2019 00:00,3.26,3.16,3.7,3.7,1948,270,2020,280,2056,220,1956,210
12/07/2019 00:00,3.31,3.24,3.66,3.77,1948,250,2128,250,1880,210,1740,200
13/07/2019 00:00,3.21,3.17,3.33,3.51,2124,300,2120,280,2196,210,1984,220
14/07/2019 00:00,3,2.83,3.67,3.94,1972,270,2476,280,2488,210,1982,200
15/07/2019 00:00,3.09,2.91,3.73,3.87,1948,270,2120,280,3240,220,1964,210
16/07/2019 00:00,2.9,2.91,3.66,3.99,1976,280,1916,270,1956,220,2076,200
17/07/2019 00:00,3.29,3.29,3.74,3.89,2276,250,2332,260,2060,200,1752,190
18/07/2019 00:00,3.33,2.96,3.84,3.84,1912,250,1980,270,1900,210,2088,200
19/07/2019 00:00,3.51,3.29,3.86,4.2,1852,230,2112,220,1748,200,1712,180
20/07/2019 00:00,3.23,3.2,3.86,4,1904,250,1944,230,1840,200,1748,200
21/07/2019 00:00,3.1,3.1,3.54,3.5,1892,230,1704,230,2108,210,2868,210
22/07/2019 00:00,3.53,3.39,3.76,3.76,1812,220,1932,230,1796,190,1644,190
23/07/2019 00:00,3.4,3.26,3.76,3.76,1908,240,2020,240,2080,190,1884,180
24/07/2019 00:00,3.34,3.17,3.46,3.6,1840,200,2392,220,1766,190,1752,180
25/07/2019 00:00,3.43,3.43,3.97,4.34,1932,190,2024,200,1932,160,2056,160
26/07/2019 00:00,3.63,3.63,4.09,4.11,1804,200,1816,200,1812,160,1732,160
27/07/2019 00:00,3.59,3.26,3.49,3.59,2060,220,2264,220,1968,190,1920,190
28/07/2019 00:00,3.27,3.31,3.71,3.83,1908,220,1976,230,1936,210,1776,200
29/07/2019 00:00,3.51,3.39,3.76,3.76,1908,210,1888,220,2272,210,1700,210
30/07/2019 00:00,3.39,3.49,3.7,3.81,1968,220,2148,230,2648,230,1696,220
31/07/2019 00:00,3.59,3.59,3.74,3.81,2376,190,1964,200,1768,210,1692,200
01/08/2019 00:00,3.31,3.5,3.61,3.74,1816,220,2040,210,1680,230,1708,220
02/08/2019 00:00,3.56,3.64,3.54,3.63,1656,210,1828,210,1628,210,1636,210
03/08/2019 00:00,3.39,3.51,3.51,3.67,1956,230,2360,230,1620,250,1572,230
04/08/2019 00:00,3.46,3.59,3.43,3.54,1828,240,1788,230,1716,230,1648,230
05/08/2019 00:00,3.57,3.43,3.26,3.4,1736,200,1744,220,1616,250,1648,230
06/08/2019 00:00,3.63,3.51,3.6,3.71,1772,200,1788,200,1624,230,1560,220
07/08/2019 00:00,3.61,3.84,3.74,3.84,1672,200,1716,200,1600,220,1612,210
08/08/2019 00:00,3.73,3.79,3.81,4,1636,190,1656,200,1740,220,1552,210
09/08/2019 00:00,3.54,3.89,3.46,3.8,1740,210,1780,200,1644,200,1556,190
10/08/2019 00:00,3.49,3.34,3.63,3.26,1668,200,2220,220,1760,230,1884,250
11/08/2019 00:00,3.91,3.69,3.4,3.77,1756,200,1900,220,1736,270,1716,250
12/08/2019 00:00,3.93,3.69,3.44,3.61,1588,190,1572,210,1596,260,1552,250
13/08/2019 00:00,3.87,3.76,3.4,3.66,1580,200,1608,210,1600,260,1564,250
14/08/2019 00:00,3.66,3.63,3.43,3.49,1620,190,2212,170,1672,220,1632,210
15/08/2019 00:00,3.77,3.51,3.23,3.29,1596,250,1640,250,1736,250,1844,250
16/08/2019 00:00,3.67,3.51,3.46,3.44,1696,200,1804,200,1764,240,1672,240
17/08/2019 00:00,3.63,3.34,3.23,3.29,1812,200,1860,220,1768,250,1832,260
18/08/2019 00:00,3.26,3.11,3.11,3.34,1644,230,1720,250,1716,260,1705,240
19/08/2019 00:00,3.4,3.37,3.26,3.57,1692,220,1748,220,1736,260,1740,260
20/08/2019 00:00,3.31,3.29,3.09,3.4,1796,220,1764,220,1780,260,1800,260
21/08/2019 00:00,3.33,3.19,3.27,3.49,1712,240,1712,260,1728,280,1700,270
22/08/2019 00:00,3.51,3.33,3.59,3.76,1672,200,1700,220,1736,240,1684,230
23/08/2019 00:00,3.44,3.34,3.54,3.6,1680,230,1764,240,1748,250,1672,230
24/08/2019 00:00,3.2,3.21,3.49,3.67,1824,250,1888,250,1872,260,1724,270
25/08/2019 00:00,3.66,3.51,3.43,3.86,1724,200,1748,220,1728,240,1656,210
26/08/2019 00:00,3.69,3.53,3.61,3.79,1752,230,1800,240,1872,250,1688,230
27/08/2019 00:00,3.97,3.6,3.43,3.37,1736,220,1712,230,1728,230,1672,240
28/08/2019 00:00,3.66,3.6,3.46,3.46,1752,220,1784,230,1792,240,1840,250
29/08/2019 00:00,3.49,3.47,3.31,3.41,1688,220,1756,230,1700,250,1684,240
30/08/2019 00:00,3.46,3.64,3.67,3.76,1716,200,1868,210,1760,220,1796,220
31/08/2019 00:00,3.33,3.46,3.33,3.61,1960,230,1920,230,1928,250,1868,250
01/09/2019 00:00,3.43,3.46,3.41,3.6,1828,230,1924,230,1924,250,1968,250
02/09/2019 00:00,3.54,3.63,3.34,3.8,1736,200,1800,200,1784,220,1736,200
03/09/2019 00:00,3.51,3.37,3.54,3.63,1692,210,1728,230,1956,250,1712,240
04/09/2019 00:00,3.54,3.4,3.51,3.66,1692,200,1720,230,1692,240,1700,210
05/09/2019 00:00,3.43,3.51,3.57,3.8,1636,210,1760,220,1692,230,1700,210
06/09/2019 00:00,3.61,3.63,3.47,3.71,1648,220,1692,220,1680,230,1684,230
07/09/2019 00:00,3.37,3.29,3.31,2.37,1848,260,2008,290,1820,280,1884,290
08/09/2019 00:00,3.39,3.2,3.63,3.53,1828,230,1876,230,1712,220,1712,220
09/09/2019 00:00,3.63,3.71,3.34,3.6,1780,210,1972,210,1852,210,1788,200
10/09/2019 00:00,3.31,3.34,3.46,3.23,1884,280,1884,280,1852,280,1856,270
11/09/2019 00:00,3.57,3.24,3.37,3.41,1844,220,1900,220,1868,210,1820,220
12/09/2019 00:00,3.37,3.34,3.34,3.2,1800,230,1824,240,2136,240,1752,250
13/09/2019 00:00,3.41,3.23,3.56,3.5,1732,250,1812,250,1668,240,1748,240
14/09/2019 00:00,3.17,3.17,3.11,3.1,2152,300,2036,280,1996,290,1936,270
15/09/2019 00:00,3.49,3.6,3.34,3.39,1824,220,1860,240,1804,230,1780,250
16/09/2019 00:00,3.46,3.4,3.36,3.37,1900,280,1820,260,1820,260,1856,270
17/09/2019 00:00,3.57,3.57,3.31,3.57,1792,260,1724,260,1740,260,1692,250
18/09/2019 00:00,3.43,3.4,3.49,3.49,1760,220,1812,240,1752,240,1756,260
19/09/2019 00:00,3.87,3.87,3.76,3.59,1820,200,1908,200,1760,200,1784,200
20/09/2019 00:00,3.57,3.51,3.23,3.54,1740,200,1756,220,1676,240,1752,250
21/09/2019 00:00,3.14,3.6,3.57,3.51,2024,230,1872,210,1892,220,1744,220
22/09/2019 00:00,3.54,3.31,3.6,3.79,1712,220,1808,230,1740,220,1724,210
23/09/2019 00:00,3.56,3.5,3.73,3.77,1708,220,1744,210,1712,200,1696,200
24/09/2019 00:00,3.99,4.07,3.46,3.71,1708,200,1748,200,1704,200,1704,200
25/09/2019 00:00,3.8,3.71,3.99,3.99,1708,210,1728,210,1572,190,1660,190
26/09/2019 00:00,3.73,3.81,3.86,3.97,1722,200,1700,200,1640,190,1552,190
27/09/2019 00:00,3.6,3.63,3.74,3.74,,220,,220,,190,,190
28/09/2019 00:00,3.43,3.43,3.57,3.8,1992,220,2024,220,1848,180,1824,170
29/09/2019 00:00,3.24,3.31,3.84,3.93,,210,,210,,180,,170
30/09/2019 00:00,3.57,3.4,3.74,4.06,1972,220,2000,230,1856,200,1756,180
01/10/2019 00:00,3.33,3.29,3.71,3.83,1800,210,1976,220,1752,180,1768,160
02/10/2019 00:00,3.74,3.76,4.07,4.07,1656,220,1684,220,1608,190,1832,190
03/10/2019 00:00,3.53,3.6,3.94,3.97,1728,210,1716,220,1700,180,1720,190
04/10/2019 00:00,3.39,3.46,3.79,3.99,1684,200,1732,210,1708,180,1740,170
05/10/2019 00:00,3.26,3.4,3.79,3.86,1848,230,1932,220,1924,180,1740,190
06/10/2019 00:00,3.57,3.51,3.89,4,1716,200,1692,220,1856,190,1716,200
07/10/2019 00:00,3.54,3.46,3.8,3.83,1736,200,1704,200,1820,180,1780,170
08/10/2019 00:00,3.76,3.63,4.01,4.01,1732,200,1792,200,1788,180,1816,180
09/10/2019 00:00,3.4,3.6,3.94,3.97,1820,200,1780,190,1876,200,1912,180
10/10/2019 00:00,3.71,3.66,3.77,4.11,1640,200,1504,200,1860,190,1756,180
11/10/2019 00:00,3.66,3.66,3.97,4.11,1796,190,1844,190,1912,170,1868,170
12/10/2019 00:00,3.66,3.8,4.2,4.11,1936,190,1852,190,2036,160,2000,170
13/10/2019 00:00,3.41,3.53,3.73,3.73,,170,,180,,160,,160
14/10/2019 00:00,3.63,3.91,3.79,3.87,1692,190,1616,190,1744,160,1868,160
15/10/2019 00:00,3.91,3.79,3.76,3.61,1676,160,1704,170,1736,170,1784,160
16/10/2019 00:00,3.6,3.61,3.74,3.69,1672,180,1724,170,1920,180,1892,190
17/10/2019 00:00,3.56,3.79,4,4.13,1728,170,1772,160,1912,170,1764,150
18/10/2019 00:00,3.9,3.9,4.16,4.13,1692,160,1772,160,1784,150,1656,140
19/10/2019 00:00,3.99,3.9,4.2,4.07,1776,160,1852,160,1728,150,1704,150
20/10/2019 00:00,3.97,3.97,4.21,4.37,,160,,160,,140,,140
21/10/2019 00:00,3.87,3.96,4.21,4.27,1748,160,1860,150,1728,150,1776,150
22/10/2019 00:00,3.7,3.87,4.16,4.24,1808,170,1832,150,1788,150,1664,150
23/10/2019 00:00,3.66,3.76,3.9,4.09,1816,170,1796,160,1848,160,1660,150
24/10/2019 00:00,3.53,3.66,3.76,3.8,1660,160,1816,150,1800,150,1648,170
25/10/2019 00:00,4.07,4.07,4.3,4.3,1620,140,1556,140,1652,120,1624,120
26/10/2019 00:00,4.01,4.24,4.33,4.44,1768,160,1820,150,1836,120,1696,110
27/10/2019 00:00,4.41,4.41,4.46,4.46,1644,140,1732,140,1668,120,1620,120
28/10/2019 00:00,4.14,3.81,4.19,4.13,1680,140,1860,150,1848,120,1804,130
29/10/2019 00:00,3.71,3.87,3.9,3.9,1688,160,1664,150,1760,130,1628,120
30/10/2019 00:00,4,4.07,4.5,4.5,1744,140,1704,140,1744,110,1684,110
31/10/2019 00:00,3.57,3.57,3.71,3.71,1584,150,1704,150,1720,130,1732,120
01/11/2019 00:00,3.8,3.91,3.91,4,1636,140,1564,140,1636,130,1548,120
02/11/2019 00:00,3.74,3.86,4.06,4.26,1736,150,1728,160,1748,130,1660,140
03/11/2019 00:00,3.7,3.86,4.39,4.26,1680,150,1740,150,1692,130,1684,120
04/11/2019 00:00,3.63,3.81,4.23,4.36,1680,150,1760,150,1676,130,1620,120
05/11/2019 00:00,3.64,3.77,3.83,3.96,2052,150,1672,150,1752,120,1620,110
06/11/2019 00:00,3.76,3.77,3.93,3.93,1628,140,1700,140,1608,120,1668,120
07/11/2019 00:00,3.63,3.63,4.26,4.44,1684,160,1732,170,1588,120,1456,110
08/11/2019 00:00,4.7,4.61,5.03,4.91,1776,150,1812,150,1640,150,1612,150
09/11/2019 00:00,4.24,4.39,4.76,4.67,2092,160,1932,150,1680,110,1772,100
10/11/2019 00:00,4.14,4.34,4.49,4.57,2224,160,2060,150,1788,130,1796,150
11/11/2019 00:00,3.67,3.96,4.21,4.44,1808,160,1852,160,1664,140,1644,140
12/11/2019 00:00,3.76,4.16,4.21,4.4,1804,150,1808,160,1728,150,1644,140
13/11/2019 00:00,3.63,3.83,4.14,4.33,1812,160,1928,160,1904,150,1780,150
14/11/2019 00:00,3.87,3.96,4.23,4.46,1948,150,1908,150,1952,150,1880,140
15/11/2019 00:00,3.41,3.74,3.99,4.11,1800,160,1788,150,1684,140,,130
16/11/2019 00:00,3.89,4.04,4.23,4.43,1864,170,1728,150,1732,150,1692,140
17/11/2019 00:00,3.79,3.84,4.29,4.36,1688,150,1656,150,1732,140,1604,140
18/11/2019 00:00,4.17,4.19,4.03,4.34,1608,160,1620,150,1720,150,1568,150
19/11/2019 00:00,4.07,4,4.17,4.36,1652,150,1644,150,1712,140,1572,130
20/11/2019 00:00,3.57,3.47,3.43,3.59,1676,150,1728,150,1696,140,1704,140
21/11/2019 00:00,3.94,3.94,4.23,4.14,1732,150,1672,150,1768,150,1644,140
22/11/2019 00:00,4.23,4.26,4.34,4.31,1684,150,1712,150,1748,150,1720,140
23/11/2019 00:00,3.89,4,4,4.14,1852,160,1716,150,1844,160,1712,150
24/11/2019 00:00,3.6,3.79,3.76,3.94,1712,140,1856,130,1808,150,1828,150
25/11/2019 00:00,3.91,3.91,3.86,3.9,1644,140,1640,140,1744,160,1752,160
26/11/2019 00:00,3.59,3.56,3.61,3.81,1584,140,1664,150,1728,150,1688,130
27/11/2019 00:00,3.97,4.03,3.97,4.1,1660,140,1688,130,1760,160,1696,150
28/11/2019 00:00,4.2,4.17,4.01,4.16,1652,140,1660,140,1788,150,1790,140
29/11/2019 00:00,4.47,4.3,3.71,3.67,3088,110,2844,110,1820,150,1848,140
30/11/2019 00:00,3.93,4.21,4.06,4.17,1892,160,1852,160,1800,160,2000,150
01/12/2019 00:00,3.86,4,4.04,4.23,1812,160,1792,160,1752,160,1804,160
02/12/2019 00:00,3.7,4.03,3.86,4.04,1864,160,1780,150,1852,160,1868,160
03/12/2019 00:00,3.84,3.96,4.2,4.19,1900,180,1820,180,1744,160,1852,170
04/12/2019 00:00,3.9,4.01,4.13,4.21,1732,170,1700,160,1760,170,1732,170
05/12/2019 00:00,4.17,4.2,4,4,1772,150,1704,150,1736,180,1732,170
06/12/2019 00:00,3.79,3.96,4.03,4.19,1808,170,1752,160,1660,160,1800,150
07/12/2019 00:00,3.74,4.07,3.81,4.06,1840,190,1792,190,1884,180,1988,170
08/12/2019 00:00,3.59,3.76,3.73,3.73,1868,180,1740,170,1864,190,1744,190
09/12/2019 00:00,3.66,3.87,3.79,4.01,1760,190,1716,170,1748,200,1712,190
10/12/2019 00:00,3.56,3.69,4.29,3.91,1792,200,1652,170,1692,200,1752,210
11/12/2019 00:00,3.64,3.81,4.03,3.74,1628,180,1724,190,1728,190,1728,210
12/12/2019 00:00,3.69,3.69,3.29,3.43,1772,200,1788,200,1816,230,1732,210
13/12/2019 00:00,3.87,3.91,3.5,3.54,1704,200,1636,200,1628,240,1660,210
14/12/2019 00:00,3.63,3.63,2.91,2.94,1888,230,1704,230,1900,280,1884,280
15/12/2019 00:00,3.41,3.5,2.89,2.26,1676,230,1628,220,1816,290,1904,320
16/12/2019 00:00,3.57,3.79,3.36,3.29,,200,,220,,230,,250
17/12/2019 00:00,3.67,3.81,2.96,3.3,1744,230,1556,200,1756,280,1756,280
18/12/2019 00:00,3.49,3.56,3.04,3.04,1656,230,1544,200,1776,290,1796,300
19/12/2019 00:00,3.43,3.69,2.97,2.97,1676,240,1560,220,1764,280,1760,280
20/12/2019 00:00,3.04,3.26,2.99,3.11,1716,260,1664,250,1716,270,1696,270
21/12/2019 00:00,2.8,3.11,2.91,2.73,1896,270,1776,260,1736,260,1948,310
22/12/2019 00:00,2.8,2.96,2.66,2.47,1776,300,1652,290,1696,310,1824,330
23/12/2019 00:00,2.63,2.97,2.29,2.53,1780,300,1628,280,1860,350,1792,340
24/12/2019 00:00,2.44,2.83,2.86,2.59,1816,300,1692,280,1668,290,1760,300
25/12/2019 00:00,,,,,1796,,1736,,1844,,1864,
26/12/2019 00:00,3.14,3.2,2.81,2.77,1740,280,1588,240,1712,270,1700,270
27/12/2019 00:00,2.9,3.09,2.97,2.71,1584,280,1448,250,1444,250,1540,260
28/12/2019 00:00,2.74,2.97,2.97,3.2,1780,240,1588,220,1604,220,1600,220
29/12/2019 00:00,3.11,3.61,3.33,3.01,1708,260,1552,220,1516,240,1620,270
30/12/2019 00:00,3.27,3.56,3.07,2.76,1680,240,1556,230,1804,280,1776,300
31/12/2019 00:00,3.16,3.44,2.93,2.76,1632,250,1444,220,1748,260,1740,280
01/01/2020 00:00,2.97,2.91,2.74,3.07,1704,270,1704,250,1928,300,1720,240
02/01/2020 00:00,2.3,2.3,1.94,2.01,1896,330,1812,310,1944,340,1916,320
03/01/2020 00:00,2.63,2.63,2.83,1.89,1976,260,1708,250,1696,250,1752,340
04/01/2020 00:00,2.03,2.6,2.03,2.11,1932,340,1708,280,1956,300,1984,350
05/01/2020 00:00,3.2,3.49,3.53,3.07,1432,240,1248,210,1316,220,1984,240
06/01/2020 00:00,,,,,1824,,1644,,1796,,1788,
07/01/2020 00:00,2.67,2.9,2.6,2.4,1824,300,1644,260,1772,280,1876,300
08/01/2020 00:00,2.11,2.71,2.16,2.6,1832,290,1772,270,1904,280,1764,300
09/01/2020 00:00,3.11,3.13,2.57,2.94,1544,290,1512,260,1424,280,1376,270
10/01/2020 00:00,3.4,3.4,2.96,2.51,1436,240,1444,240,1480,280,1692,310
11/01/2020 00:00,2.94,3.2,2.97,2.51,1916,240,1768,240,1812,280,2016,300
12/01/2020 00:00,2.89,2.97,2.74,2.49,1740,300,1712,280,1624,300,1740,320
13/01/2020 00:00,3.01,2.83,2.57,2.49,1800,260,1768,260,1920,300,1860,310
14/01/2020 00:00,2.87,2.99,3.33,2.86,1768,300,1708,300,1584,250,1804,300
15/01/2020 00:00,2.54,2.54,2.37,2.37,1832,360,1784,360,1708,350,1792,370
16/01/2020 00:00,2.13,2.63,2.61,2.3,2004,440,1836,360,1676,310,1780,350
17/01/2020 00:00,2.61,2.97,2.61,2.41,2040,420,1844,440,2152,250,2152,250
18/01/2020 00:00,2.47,2.7,0,2.27,1836,330,1704,340,1528,0,1720,310
19/01/2020 00:00,3.21,3.06,2.94,2.29,1316,260,1420,290,1356,310,1336,330
20/01/2020 00:00,3.2,3.6,3.43,2.91,1468,280,1556,240,1240,230,1392,320
21/01/2020 00:00,,,,,1768,,1636,,1464,,1448,
22/01/2020 00:00,2.51,2.63,3.06,2.6,1616,310,1532,290,1376,240,1524,290
23/01/2020 00:00,2.43,2.86,3.09,2.51,1780,340,1648,300,1544,270,1640,340
24/01/2020 00:00,2.8,2.94,2.29,2.77,1440,270,1384,280,1508,300,1484,300
25/01/2020 00:00,2.16,2.53,2.71,2.2,1932,330,1784,280,1724,260,2028,340
26/01/2020 00:00,2.43,2.71,2.86,2.19,2136,370,2088,370,1760,320,1772,340
27/01/2020 00:00,2.57,2.56,2.76,2.26,1832,350,1796,350,1700,330,1968,380
28/01/2020 00:00,2.37,2.69,2.56,2.09,1980,360,1692,350,1720,320,1848,350
29/01/2020 00:00,2.8,2.84,2.86,1.89,1672,310,1664,310,1604,360,1896,440
30/01/2020 00:00,2.81,2.87,2.24,2.11,1612,300,1680,300,1792,400,1848,400
31/01/2020 00:00,2.99,2.89,2.97,2.43,1556,270,1576,300,1496,300,1812,400
01/02/2020 00:00,2.11,2.71,1.71,1.97,1892,370,1608,280,1912,520,1860,540
02/02/2020 00:00,3.16,3.77,3.53,3.14,1500,260,1176,220,1364,290,1392,290
03/02/2020 00:00,2.37,2.91,2.99,2.63,1724,300,1508,260,1468,290,1640,310
04/02/2020 00:00,2.76,3.03,3,3.23,1720,310,1692,300,1620,320,1512,300
05/02/2020 00:00,2.97,2.77,2.54,2.77,1676,320,1656,290,1704,330,1512,300
06/02/2020 00:00,2.71,2.46,2.2,2.91,1660,300,1732,360,1876,400,1676,400
07/02/2020 00:00,2.74,2.74,2.11,2.26,1604,320,1636,310,1760,370,1736,350
08/02/2020 00:00,3.06,3.37,3.29,3.06,1544,270,1476,240,1444,250,1564,280
09/02/2020 00:00,2.23,2.6,1.23,1.46,1760,290,1640,270,2060,390,2044,430
10/02/2020 00:00,1.86,2.04,2.77,2.57,1860,370,1784,340,1660,310,1624,310
11/02/2020 00:00,2.74,2.76,2.37,2.37,1776,320,1700,310,1888,370,1908,350
12/02/2020 00:00,2.86,3.31,3.33,3.03,1636,280,1500,230,1368,220,1548,250
13/02/2020 00:00,2.76,3.07,3.24,3.41,1688,260,1684,240,1700,280,1644,230
14/02/2020 00:00,2.39,2.8,3.44,3.46,2012,340,1720,270,1552,240,1660,250
15/02/2020 00:00,2.44,2.89,3.21,2.8,1872,340,1760,280,1660,270,1904,320
16/02/2020 00:00,2.57,3.06,3.54,3.51,1768,330,1652,290,1508,260,1544,260
17/02/2020 00:00,2.74,2.99,3.13,3.06,1800,300,1688,280,1652,310,1780,300
18/02/2020 00:00,2.53,3.26,3.33,3.04,1732,300,1480,250,1528,280,1716,330
19/02/2020 00:00,2.77,2.97,3.31,3.16,1608,280,1616,240,1580,230,1596,260
20/02/2020 00:00,3.04,3.29,3.39,3.16,1580,270,1572,260,1512,250,1636,300
21/02/2020 00:00,3.06,3.2,3.54,3.29,1636,260,1532,250,1476,220,1556,240
22/02/2020 00:00,2.97,3.11,3.06,3.54,1688,260,1612,250,1740,260,1640,240
23/02/2020 00:00,3.29,3.43,3.51,3.17,1588,280,1560,270,1616,290,1592,300
24/02/2020 00:00,3,3.5,3.73,3.81,1596,280,1464,260,1524,240,1516,250
25/02/2020 00:00,3,3.36,3.31,3.47,1560,290,1476,270,1600,280,1572,250
26/02/2020 00:00,3.14,3.11,3.69,3.49,1548,250,1556,250,1468,220,1588,250
27/02/2020 00:00,3.16,3.81,3.54,3.43,1500,240,1344,200,1392,220,1540,250
28/02/2020 00:00,2.89,3.31,3.94,3.84,1808,300,1608,270,1412,200,1428,200
29/02/2020 00:00,3.37,3.26,3.99,3.56,1744,280,1660,280,1448,210,1628,230
01/03/2020 00:00,3.27,3.63,3.84,3.67,1552,250,1632,240,1484,230,1608,230
02/03/2020 00:00,3.69,3.39,3.8,3.71,1436,220,1512,260,1372,200,1704,210
03/03/2020 00:00,3.29,3.57,4.2,4.09,1712,270,1512,250,1504,200,1388,220
04/03/2020 00:00,3.26,3.94,4.13,3.84,1616,250,1384,230,1416,200,1520,220
05/03/2020 00:00,3.99,3.84,4.26,4.37,1348,200,1360,220,1428,190,1520,180
06/03/2020 00:00,3.81,3.74,3.93,3.57,1360,220,1472,240,1652,200,1664,230
07/03/2020 00:00,3.67,2.9,3.63,3.51,1416,200,1796,260,1544,220,1648,200
08/03/2020 00:00,3.57,3.5,4.03,3.99,1420,220,1520,230,1356,180,1436,180
09/03/2020 00:00,3.54,3.53,3.73,3.54,1512,240,1404,240,1392,200,1416,220
10/03/2020 00:00,3.71,3.59,3.71,3.56,1400,190,1596,220,1428,200,1552,200
11/03/2020 00:00,3.63,3.23,3.63,3.24,1424,220,1592,250,1484,230,1504,240
12/03/2020 00:00,3.26,3.43,3.49,3.46,1528,240,1488,230,1500,230,1588,220
13/03/2020 00:00,3.2,3.46,3.54,3.31,1588,240,1540,220,1508,220,1576,230
14/03/2020 00:00,3.46,3.26,3.54,3.31,,250,,270,,290,,330
15/03/2020 00:00,3.26,3.09,3.46,2.87,1668,260,1684,250,1808,250,1796,280
16/03/2020 00:00,3.49,2.93,3.34,3.47,1608,210,1864,270,1712,240,1720,230
17/03/2020 00:00,3.29,3.07,3.31,3.29,1684,220,1796,290,1636,240,1720,240
18/03/2020 00:00,3.69,3.54,3.69,3.84,1568,210,1600,210,1424,190,1532,210
19/03/2020 00:00,4.06,3.46,3.64,3.5,1352,200,1728,240,1540,230,1684,260
20/03/2020 00:00,3.34,3.37,3.46,2.97,1632,230,1748,230,1488,240,1616,260
21/03/2020 00:00,3.71,3.94,3.8,3.8,1408,200,1456,200,1584,200,1436,200
22/03/2020 00:00,4.2,3.49,3.57,3.63,1328,190,1668,250,1496,240,1524,240
23/03/2020 00:00,4.29,3.76,3.77,3.54,1392,200,1628,220,1516,230,1480,210
24/03/2020 00:00,3.97,3.8,3.54,3.87,1524,200,1716,230,1612,250,1668,200
25/03/2020 00:00,3.97,3.51,3.69,3.31,1472,180,1736,210,1672,230,1780,250
26/03/2020 00:00,3.89,3.56,3.19,3.21,1612,180,1724,230,1764,270,1708,250
27/03/2020 00:00,3.73,3.71,3.67,3.41,1660,200,1652,210,1424,230,1628,250
28/03/2020 00:00,3.71,3.56,3.46,3.23,1532,190,1636,210,1576,250,1724,270
29/03/2020 00:00,3.99,3.77,3.36,3.09,1416,180,1616,220,1620,260,1792,280
30/03/2020 00:00,3.63,3.97,3.89,3.73,1548,200,1284,180,1280,210,1408,220
31/03/2020 00:00,3.97,4.29,3.66,3.54,1476,200,1336,180,1456,220,1380,230
01/04/2020 00:00,3.53,3.74,3.66,3.5,1640,200,1540,180,1380,200,1468,220
02/04/2020 00:00,3.86,4.03,3.77,3.67,1544,200,1428,180,1376,200,1420,220
03/04/2020 00:00,3.06,3.39,3.33,3.13,1828,260,1624,230,1556,240,1604,270
04/04/2020 00:00,3.09,3.34,3.43,3.33,1848,270,1712,220,1536,250,1588,260
05/04/2020 00:00,3.21,3.34,3.77,3.53,1752,260,1608,240,1412,230,1408,230
06/04/2020 00:00,3.61,3.04,2.93,3.81,1680,210,1856,250,1872,280,1640,250
07/04/2020 00:00,2.94,3.14,3.04,2.97,1932,270,1780,260,1748,270,1808,280
08/04/2020 00:00,2.96,3.27,3.13,2.89,2092,300,1900,250,1856,280,1856,310
09/04/2020 00:00,2.61,2.87,2.53,2.34,2156,340,1992,300,2040,330,2056,350
10/04/2020 00:00,2.67,2.49,2.63,2.3,1996,350,2388,310,1688,300,1984,350
11/04/2020 00:00,2.91,3.36,2.66,2.3,1860,280,1940,250,1760,290,1832,330
12/04/2020 00:00,3.2,3.49,3.49,3.11,1724,300,1632,270,1572,230,1764,240
13/04/2020 00:00,3.14,3.23,2.83,2.61,1756,270,1704,260,1808,310,1792,320
14/04/2020 00:00,2.97,3.11,3.37,3,1868,270,1820,260,1544,240,1780,280
15/04/2020 00:00,2.83,3.2,3.09,3.14,2008,310,2004,260,1720,280,1728,290
16/04/2020 00:00,2.91,3.01,3.24,3.23,1684,280,1684,270,1456,260,1484,250
17/04/2020 00:00,3.03,3.29,2.89,3.04,1824,250,1652,230,1784,260,1776,250
18/04/2020 00:00,2.74,3.09,3.01,2.79,1980,290,1896,270,1760,280,1896,320
19/04/2020 00:00,2.71,2.6,2.73,2.74,1996,300,1892,280,1700,290,1748,290
20/04/2020 00:00,3.1,3.14,3.11,3.14,1740,270,1796,270,1820,290,1724,280
21/04/2020 00:00,3.16,3.24,3.24,3.34,1756,280,1660,270,1748,280,1740,290
22/04/2020 00:00,3.1,3.34,3.41,3.39,2024,270,1720,270,1748,280,1788,280
23/04/2020 00:00,3,3.23,3.6,3.63,1780,280,1664,270,1672,260,1708,260
24/04/2020 00:00,3.14,3.31,3.64,3.54,1776,270,1656,250,1748,220,1652,240
25/04/2020 00:00,2.93,2.97,3.34,3.34,1888,290,1732,280,1764,260,1724,260
26/04/2020 00:00,3.09,3.19,3.59,3.74,1708,270,1652,260,1668,240,1580,230
27/04/2020 00:00,3.21,3.24,3.74,3.87,1764,270,1696,260,1556,220,1632,230
28/04/2020 00:00,3.34,3.44,3.81,3.99,1692,240,1696,260,1708,220,1656,200
29/04/2020 00:00,3.19,3.36,3.77,3.6,1724,250,1664,220,1644,200,1708,220
30/04/2020 00:00,3.13,3.21,3.39,3.44,1796,270,1892,260,1624,250,1736,240
01/05/2020 00:00,3.19,3.26,3.56,3.63,1672,270,1572,260,1636,230,1604,230
02/05/2020 00:00,3.07,3.34,3.66,3.8,1988,280,1644,260,1652,240,1616,230
03/05/2020 00:00,3.23,3.27,3.67,3.79,1740,290,1580,270,1412,230,1412,220
04/05/2020 00:00,3.49,3.41,3.63,3.61,1612,250,1684,260,1680,220,1640,230
05/05/2020 00:00,3.34,3.34,3.57,3.43,1628,260,1596,260,1640,240,1724,250
06/05/2020 00:00,3.54,3.27,3.4,3.6,1532,240,1560,230,1776,240,1652,240
07/05/2020 00:00,3.44,3.53,3.16,3.16,1584,230,1540,220,1840,230,1784,230
08/05/2020 00:00,3.34,3.34,2.97,3.69,1764,230,1660,220,1736,220,1664,210
09/05/2020 00:00,3.2,3.46,3.17,3.69,1900,280,1872,230,1732,220,1756,210
10/05/2020 00:00,3.11,3.2,3.46,3.5,1700,280,1708,250,1712,220,1640,210
11/05/2020 00:00,3.26,3.3,3.64,3.73,1796,280,1792,280,1700,220,1756,220
